exchange,mktShare
CBOE BYX,0.01644091
CBOE BZX,0.04529426
CBOE EDGA,0.01375766
CBOE EDGX,0.0691414
IEX,0.0259155
MEMX,0.006850757
MIAX,0.000419205
NASDAQ,0.1517107
NASDAQ BX,0.007573449
NASDAQ PSX,0.005792931
NYSE,0.1000217
NYSE American,0.004098156
NYSE Arca,0.08291116
NYSE Chicago,0.002616318
NYSE National,0.01141273
TRF,0.4560432
